{
    "hospital_id": "HOSP-MUM-01",
    "password": "admin123",
    "hospital_name": "Tata Memorial Centre",
    "hospitals": [
        {
            "id": "HOSP-MUM-01",
            "pass": "admin123",
            "name": "Tata Memorial Centre"
        },
        {
            "id": "HOSP-MUM-02",
            "pass": "admin123",
            "name": "Kokilaben Dhirubhai Ambani Hospital"
        },
        {
            "id": "HOSP-MUM-03",
            "pass": "admin123",
            "name": "Lilavati Hospital and Research Centre"
        },
        {
            "id": "HOSP-MUM-04",
            "pass": "admin123",
            "name": "Jaslok Hospital and Research Centre"
        },
        {
            "id": "HOSP-MUM-05",
            "pass": "admin123",
            "name": "HN Reliance Foundation Hospital"
        },
        {
            "id": "HOSP-MUM-06",
            "pass": "admin123",
            "name": "Fortis Hospital"
        }
    ]
}